﻿<?xml version="1.0" encoding="utf-8"?>
<helpItems schema="maml" xmlns="http://msh">
  <command:command xmlns:maml="http://schemas.microsoft.com/maml/2004/10" xmlns:command="http://schemas.microsoft.com/maml/dev/command/2004/10" xmlns:dev="http://schemas.microsoft.com/maml/dev/2004/10" xmlns:MSHelp="http://msdn.microsoft.com/mshelp">
    <command:details>
      <command:name>Add-PsCommand</command:name>
      <command:verb>Add</command:verb>
      <command:noun>PsCommand</command:noun>
      <maml:description>
        <maml:para>Add a command to a [System.Management.Automation.PowerShell] instance</maml:para>
      </maml:description>
    </command:details>
    <maml:description>
      <maml:para>Used by Invoke-Thread Uses AddScript() or AddStatement() and AddCommand() depending on the command</maml:para>
    </maml:description>
    <command:syntax>
      <command:syntaxItem>
        <maml:name>Add-PsCommand</maml:name>
        <command:parameter required="false" variableLength="true" globbing="false" pipelineInput="False" position="1" aliases="none">
          <maml:name>Command</maml:name>
          <maml:description>
            <maml:para>Command to add to the Powershell interface This can be a scriptblock object, or a string that specifies a:     Alias     Function (the name of the function)     ExternalScript (the path to the .ps1 file)     All, Application, Cmdlet, Configuration, Filter, or Script</maml:para>
          </maml:description>
          <command:parameterValue required="true" variableLength="false">System.Object</command:parameterValue>
          <dev:type>
            <maml:name>System.Object</maml:name>
            <maml:uri />
          </dev:type>
          <dev:defaultValue>None</dev:defaultValue>
        </command:parameter>
        <command:parameter required="false" variableLength="true" globbing="false" pipelineInput="False" position="named" aliases="none">
          <maml:name>CommandInfo</maml:name>
          <maml:description>
            <maml:para>Output from Get-PsCommandInfo Optional, to improve performance if it will be re-used for multiple calls of Add-PsCommand</maml:para>
          </maml:description>
          <command:parameterValue required="true" variableLength="false">System.Management.Automation.PSObject</command:parameterValue>
          <dev:type>
            <maml:name>System.Management.Automation.PSObject</maml:name>
            <maml:uri />
          </dev:type>
          <dev:defaultValue>None</dev:defaultValue>
        </command:parameter>
        <command:parameter required="false" variableLength="true" globbing="false" pipelineInput="False" position="named" aliases="none">
          <maml:name>DebugOutputStream</maml:name>
          <maml:description>
            <maml:para>Will be sent to the Type parameter of Write-LogMsg in the PsLogMessage module</maml:para>
          </maml:description>
          <command:parameterValue required="true" variableLength="false">System.String</command:parameterValue>
          <dev:type>
            <maml:name>System.String</maml:name>
            <maml:uri />
          </dev:type>
          <dev:defaultValue>Silent</dev:defaultValue>
        </command:parameter>
        <command:parameter required="false" variableLength="true" globbing="false" pipelineInput="False" position="named" aliases="none">
          <maml:name>Force</maml:name>
          <maml:description>
            <maml:para>Add Commands rather than their definitions</maml:para>
          </maml:description>
          <dev:type>
            <maml:name>System.Management.Automation.SwitchParameter</maml:name>
            <maml:uri />
          </dev:type>
          <dev:defaultValue>False</dev:defaultValue>
        </command:parameter>
        <command:parameter required="false" variableLength="true" globbing="false" pipelineInput="True (ByValue)" position="named" aliases="none">
          <maml:name>PowershellInterface</maml:name>
          <maml:description>
            <maml:para>Powershell interface to add the Command to</maml:para>
          </maml:description>
          <command:parameterValue required="true" variableLength="false">System.Management.Automation.PowerShell[]</command:parameterValue>
          <dev:type>
            <maml:name>System.Management.Automation.PowerShell[]</maml:name>
            <maml:uri />
          </dev:type>
          <dev:defaultValue>None</dev:defaultValue>
        </command:parameter>
        <command:parameter required="false" variableLength="true" globbing="false" pipelineInput="False" position="named" aliases="none">
          <maml:name>TodaysHostname</maml:name>
          <maml:description>
            <maml:para>{{ Fill TodaysHostname Description }}</maml:para>
          </maml:description>
          <command:parameterValue required="true" variableLength="false">System.String</command:parameterValue>
          <dev:type>
            <maml:name>System.String</maml:name>
            <maml:uri />
          </dev:type>
          <dev:defaultValue>(HOSTNAME.EXE)</dev:defaultValue>
        </command:parameter>
      </command:syntaxItem>
    </command:syntax>
    <command:parameters>
      <command:parameter required="false" variableLength="true" globbing="false" pipelineInput="False" position="1" aliases="none">
        <maml:name>Command</maml:name>
        <maml:description>
          <maml:para>Command to add to the Powershell interface This can be a scriptblock object, or a string that specifies a:     Alias     Function (the name of the function)     ExternalScript (the path to the .ps1 file)     All, Application, Cmdlet, Configuration, Filter, or Script</maml:para>
        </maml:description>
        <command:parameterValue required="true" variableLength="false">System.Object</command:parameterValue>
        <dev:type>
          <maml:name>System.Object</maml:name>
          <maml:uri />
        </dev:type>
        <dev:defaultValue>None</dev:defaultValue>
      </command:parameter>
      <command:parameter required="false" variableLength="true" globbing="false" pipelineInput="False" position="named" aliases="none">
        <maml:name>CommandInfo</maml:name>
        <maml:description>
          <maml:para>Output from Get-PsCommandInfo Optional, to improve performance if it will be re-used for multiple calls of Add-PsCommand</maml:para>
        </maml:description>
        <command:parameterValue required="true" variableLength="false">System.Management.Automation.PSObject</command:parameterValue>
        <dev:type>
          <maml:name>System.Management.Automation.PSObject</maml:name>
          <maml:uri />
        </dev:type>
        <dev:defaultValue>None</dev:defaultValue>
      </command:parameter>
      <command:parameter required="false" variableLength="true" globbing="false" pipelineInput="False" position="named" aliases="none">
        <maml:name>DebugOutputStream</maml:name>
        <maml:description>
          <maml:para>Will be sent to the Type parameter of Write-LogMsg in the PsLogMessage module</maml:para>
        </maml:description>
        <command:parameterValue required="true" variableLength="false">System.String</command:parameterValue>
        <dev:type>
          <maml:name>System.String</maml:name>
          <maml:uri />
        </dev:type>
        <dev:defaultValue>Silent</dev:defaultValue>
      </command:parameter>
      <command:parameter required="false" variableLength="true" globbing="false" pipelineInput="False" position="named" aliases="none">
        <maml:name>Force</maml:name>
        <maml:description>
          <maml:para>Add Commands rather than their definitions</maml:para>
        </maml:description>
        <command:parameterValue required="true" variableLength="false">System.Management.Automation.SwitchParameter</command:parameterValue>
        <dev:type>
          <maml:name>System.Management.Automation.SwitchParameter</maml:name>
          <maml:uri />
        </dev:type>
        <dev:defaultValue>False</dev:defaultValue>
      </command:parameter>
      <command:parameter required="false" variableLength="true" globbing="false" pipelineInput="True (ByValue)" position="named" aliases="none">
        <maml:name>PowershellInterface</maml:name>
        <maml:description>
          <maml:para>Powershell interface to add the Command to</maml:para>
        </maml:description>
        <command:parameterValue required="true" variableLength="false">System.Management.Automation.PowerShell[]</command:parameterValue>
        <dev:type>
          <maml:name>System.Management.Automation.PowerShell[]</maml:name>
          <maml:uri />
        </dev:type>
        <dev:defaultValue>None</dev:defaultValue>
      </command:parameter>
      <command:parameter required="false" variableLength="true" globbing="false" pipelineInput="False" position="named" aliases="none">
        <maml:name>TodaysHostname</maml:name>
        <maml:description>
          <maml:para>{{ Fill TodaysHostname Description }}</maml:para>
        </maml:description>
        <command:parameterValue required="true" variableLength="false">System.String</command:parameterValue>
        <dev:type>
          <maml:name>System.String</maml:name>
          <maml:uri />
        </dev:type>
        <dev:defaultValue>(HOSTNAME.EXE)</dev:defaultValue>
      </command:parameter>
    </command:parameters>
    <command:inputTypes />
    <command:returnValues />
    <maml:alertSet>
      <maml:alert>
        <maml:para></maml:para>
      </maml:alert>
    </maml:alertSet>
    <command:examples>
      <command:example>
        <maml:title>-------------------------- EXAMPLE 1 --------------------------</maml:title>
        <dev:code>[powershell]::Create() | Add-PsCommand -Command 'Write-Output'</dev:code>
        <dev:remarks>
          <maml:para>Add a command by sending a Cmdlet name to the -Command parameter</maml:para>
        </dev:remarks>
      </command:example>
    </command:examples>
    <command:relatedLinks />
  </command:command>
  <command:command xmlns:maml="http://schemas.microsoft.com/maml/2004/10" xmlns:command="http://schemas.microsoft.com/maml/dev/command/2004/10" xmlns:dev="http://schemas.microsoft.com/maml/dev/2004/10" xmlns:MSHelp="http://msdn.microsoft.com/mshelp">
    <command:details>
      <command:name>Add-PsModule</command:name>
      <command:verb>Add</command:verb>
      <command:noun>PsModule</command:noun>
      <maml:description>
        <maml:para>Import a Module in a [System.Management.Automation.Runspaces.InitialSessionState] instance</maml:para>
      </maml:description>
    </command:details>
    <maml:description>
      <maml:para>Used by Add-PsCommand Uses ImportPSModule() or ImportPSModulesFromPath() depending on the module</maml:para>
    </maml:description>
    <command:syntax>
      <command:syntaxItem>
        <maml:name>Add-PsModule</maml:name>
        <command:parameter required="false" variableLength="true" globbing="false" pipelineInput="False" position="1" aliases="none">
          <maml:name>ModuleInfo</maml:name>
          <maml:description>
            <maml:para>ModuleInfo object for the module to add to the Powershell interface</maml:para>
          </maml:description>
          <command:parameterValue required="true" variableLength="false">System.Management.Automation.PSModuleInfo[]</command:parameterValue>
          <dev:type>
            <maml:name>System.Management.Automation.PSModuleInfo[]</maml:name>
            <maml:uri />
          </dev:type>
          <dev:defaultValue>None</dev:defaultValue>
        </command:parameter>
        <command:parameter required="false" variableLength="true" globbing="false" pipelineInput="False" position="named" aliases="none">
          <maml:name>DebugOutputStream</maml:name>
          <maml:description>
            <maml:para>Will be sent to the Type parameter of Write-LogMsg in the PsLogMessage module</maml:para>
          </maml:description>
          <command:parameterValue required="true" variableLength="false">System.String</command:parameterValue>
          <dev:type>
            <maml:name>System.String</maml:name>
            <maml:uri />
          </dev:type>
          <dev:defaultValue>Silent</dev:defaultValue>
        </command:parameter>
        <command:parameter required="true" variableLength="true" globbing="false" pipelineInput="False" position="named" aliases="none">
          <maml:name>InitialSessionState</maml:name>
          <maml:description>
            <maml:para>Powershell interface to add the Command to</maml:para>
          </maml:description>
          <command:parameterValue required="true" variableLength="false">System.Management.Automation.Runspaces.InitialSessionState</command:parameterValue>
          <dev:type>
            <maml:name>System.Management.Automation.Runspaces.InitialSessionState</maml:name>
            <maml:uri />
          </dev:type>
          <dev:defaultValue>None</dev:defaultValue>
        </command:parameter>
        <command:parameter required="false" variableLength="true" globbing="false" pipelineInput="False" position="named" aliases="none">
          <maml:name>TodaysHostname</maml:name>
          <maml:description>
            <maml:para>{{ Fill TodaysHostname Description }}</maml:para>
          </maml:description>
          <command:parameterValue required="true" variableLength="false">System.String</command:parameterValue>
          <dev:type>
            <maml:name>System.String</maml:name>
            <maml:uri />
          </dev:type>
          <dev:defaultValue>(HOSTNAME.EXE)</dev:defaultValue>
        </command:parameter>
      </command:syntaxItem>
    </command:syntax>
    <command:parameters>
      <command:parameter required="false" variableLength="true" globbing="false" pipelineInput="False" position="named" aliases="none">
        <maml:name>DebugOutputStream</maml:name>
        <maml:description>
          <maml:para>Will be sent to the Type parameter of Write-LogMsg in the PsLogMessage module</maml:para>
        </maml:description>
        <command:parameterValue required="true" variableLength="false">System.String</command:parameterValue>
        <dev:type>
          <maml:name>System.String</maml:name>
          <maml:uri />
        </dev:type>
        <dev:defaultValue>Silent</dev:defaultValue>
      </command:parameter>
      <command:parameter required="true" variableLength="true" globbing="false" pipelineInput="False" position="named" aliases="none">
        <maml:name>InitialSessionState</maml:name>
        <maml:description>
          <maml:para>Powershell interface to add the Command to</maml:para>
        </maml:description>
        <command:parameterValue required="true" variableLength="false">System.Management.Automation.Runspaces.InitialSessionState</command:parameterValue>
        <dev:type>
          <maml:name>System.Management.Automation.Runspaces.InitialSessionState</maml:name>
          <maml:uri />
        </dev:type>
        <dev:defaultValue>None</dev:defaultValue>
      </command:parameter>
      <command:parameter required="false" variableLength="true" globbing="false" pipelineInput="False" position="1" aliases="none">
        <maml:name>ModuleInfo</maml:name>
        <maml:description>
          <maml:para>ModuleInfo object for the module to add to the Powershell interface</maml:para>
        </maml:description>
        <command:parameterValue required="true" variableLength="false">System.Management.Automation.PSModuleInfo[]</command:parameterValue>
        <dev:type>
          <maml:name>System.Management.Automation.PSModuleInfo[]</maml:name>
          <maml:uri />
        </dev:type>
        <dev:defaultValue>None</dev:defaultValue>
      </command:parameter>
      <command:parameter required="false" variableLength="true" globbing="false" pipelineInput="False" position="named" aliases="none">
        <maml:name>TodaysHostname</maml:name>
        <maml:description>
          <maml:para>{{ Fill TodaysHostname Description }}</maml:para>
        </maml:description>
        <command:parameterValue required="true" variableLength="false">System.String</command:parameterValue>
        <dev:type>
          <maml:name>System.String</maml:name>
          <maml:uri />
        </dev:type>
        <dev:defaultValue>(HOSTNAME.EXE)</dev:defaultValue>
      </command:parameter>
    </command:parameters>
    <command:inputTypes />
    <command:returnValues />
    <maml:alertSet>
      <maml:alert>
        <maml:para></maml:para>
      </maml:alert>
    </maml:alertSet>
    <command:examples>
      <command:example>
        <maml:title>-------------------------- EXAMPLE 1 --------------------------</maml:title>
        <dev:code>$InitialSessionState = [system.management.automation.runspaces.initialsessionstate]::CreateDefault()
Add-PsModule -InitialSessionState $InitialSessionState -ModuleInfo $ModuleInfo</dev:code>
        <dev:remarks>
          <maml:para></maml:para>
        </dev:remarks>
      </command:example>
    </command:examples>
    <command:relatedLinks />
  </command:command>
  <command:command xmlns:maml="http://schemas.microsoft.com/maml/2004/10" xmlns:command="http://schemas.microsoft.com/maml/dev/command/2004/10" xmlns:dev="http://schemas.microsoft.com/maml/dev/2004/10" xmlns:MSHelp="http://msdn.microsoft.com/mshelp">
    <command:details>
      <command:name>Convert-FromPsCommandInfoToString</command:name>
      <command:verb>Convert</command:verb>
      <command:noun>FromPsCommandInfoToString</command:noun>
      <maml:description>
        <maml:para>{{ Fill in the Synopsis }}</maml:para>
      </maml:description>
    </command:details>
    <maml:description>
      <maml:para>{{ Fill in the Description }}</maml:para>
    </maml:description>
    <command:syntax>
      <command:syntaxItem>
        <maml:name>Convert-FromPsCommandInfoToString</maml:name>
        <command:parameter required="true" variableLength="true" globbing="false" pipelineInput="False" position="0" aliases="none">
          <maml:name>CommandInfo</maml:name>
          <maml:description>
            <maml:para>{{ Fill CommandInfo Description }}</maml:para>
          </maml:description>
          <command:parameterValue required="true" variableLength="false">System.Management.Automation.PSObject[]</command:parameterValue>
          <dev:type>
            <maml:name>System.Management.Automation.PSObject[]</maml:name>
            <maml:uri />
          </dev:type>
          <dev:defaultValue>None</dev:defaultValue>
        </command:parameter>
        <command:parameter required="false" variableLength="true" globbing="false" pipelineInput="False" position="named" aliases="none">
          <maml:name>DebugOutputStream</maml:name>
          <maml:description>
            <maml:para>{{ Fill DebugOutputStream Description }}</maml:para>
          </maml:description>
          <command:parameterValue required="true" variableLength="false">System.String</command:parameterValue>
          <dev:type>
            <maml:name>System.String</maml:name>
            <maml:uri />
          </dev:type>
          <dev:defaultValue>None</dev:defaultValue>
        </command:parameter>
        <command:parameter required="false" variableLength="true" globbing="false" pipelineInput="False" position="named" aliases="none">
          <maml:name>TodaysHostname</maml:name>
          <maml:description>
            <maml:para>{{ Fill TodaysHostname Description }}</maml:para>
          </maml:description>
          <command:parameterValue required="true" variableLength="false">System.String</command:parameterValue>
          <dev:type>
            <maml:name>System.String</maml:name>
            <maml:uri />
          </dev:type>
          <dev:defaultValue>None</dev:defaultValue>
        </command:parameter>
      </command:syntaxItem>
    </command:syntax>
    <command:parameters>
      <command:parameter required="true" variableLength="true" globbing="false" pipelineInput="False" position="0" aliases="none">
        <maml:name>CommandInfo</maml:name>
        <maml:description>
          <maml:para>{{ Fill CommandInfo Description }}</maml:para>
        </maml:description>
        <command:parameterValue required="true" variableLength="false">System.Management.Automation.PSObject[]</command:parameterValue>
        <dev:type>
          <maml:name>System.Management.Automation.PSObject[]</maml:name>
          <maml:uri />
        </dev:type>
        <dev:defaultValue>None</dev:defaultValue>
      </command:parameter>
      <command:parameter required="false" variableLength="true" globbing="false" pipelineInput="False" position="named" aliases="none">
        <maml:name>DebugOutputStream</maml:name>
        <maml:description>
          <maml:para>{{ Fill DebugOutputStream Description }}</maml:para>
        </maml:description>
        <command:parameterValue required="true" variableLength="false">System.String</command:parameterValue>
        <dev:type>
          <maml:name>System.String</maml:name>
          <maml:uri />
        </dev:type>
        <dev:defaultValue>None</dev:defaultValue>
      </command:parameter>
      <command:parameter required="false" variableLength="true" globbing="false" pipelineInput="False" position="named" aliases="none">
        <maml:name>TodaysHostname</maml:name>
        <maml:description>
          <maml:para>{{ Fill TodaysHostname Description }}</maml:para>
        </maml:description>
        <command:parameterValue required="true" variableLength="false">System.String</command:parameterValue>
        <dev:type>
          <maml:name>System.String</maml:name>
          <maml:uri />
        </dev:type>
        <dev:defaultValue>None</dev:defaultValue>
      </command:parameter>
    </command:parameters>
    <command:inputTypes>
      <command:inputType>
        <dev:type>
          <maml:name>None</maml:name>
        </dev:type>
        <maml:description>
          <maml:para></maml:para>
        </maml:description>
      </command:inputType>
    </command:inputTypes>
    <command:returnValues>
      <command:returnValue>
        <dev:type>
          <maml:name>System.Object</maml:name>
        </dev:type>
        <maml:description>
          <maml:para></maml:para>
        </maml:description>
      </command:returnValue>
    </command:returnValues>
    <maml:alertSet>
      <maml:alert>
        <maml:para></maml:para>
      </maml:alert>
    </maml:alertSet>
    <command:examples>
      <command:example>
        <maml:title>-------------------------- Example 1 --------------------------</maml:title>
        <dev:code>PS C:\&gt; {{ Add example code here }}</dev:code>
        <dev:remarks>
          <maml:para>{{ Add example description here }}</maml:para>
        </dev:remarks>
      </command:example>
    </command:examples>
    <command:relatedLinks />
  </command:command>
  <command:command xmlns:maml="http://schemas.microsoft.com/maml/2004/10" xmlns:command="http://schemas.microsoft.com/maml/dev/command/2004/10" xmlns:dev="http://schemas.microsoft.com/maml/dev/2004/10" xmlns:MSHelp="http://msdn.microsoft.com/mshelp">
    <command:details>
      <command:name>Expand-PsCommandInfo</command:name>
      <command:verb>Expand</command:verb>
      <command:noun>PsCommandInfo</command:noun>
      <maml:description>
        <maml:para>Return the original PsCommandInfo object as well as CommandInfo objects for any nested commands</maml:para>
      </maml:description>
    </command:details>
    <maml:description>
      <maml:para>{{ Fill in the Description }}</maml:para>
    </maml:description>
    <command:syntax>
      <command:syntaxItem>
        <maml:name>Expand-PsCommandInfo</maml:name>
        <command:parameter required="false" variableLength="true" globbing="false" pipelineInput="False" position="1" aliases="none">
          <maml:name>PsCommandInfo</maml:name>
          <maml:description>
            <maml:para>CommandInfo object for the command whose nested command names to return</maml:para>
          </maml:description>
          <command:parameterValue required="true" variableLength="false">System.Management.Automation.PSObject</command:parameterValue>
          <dev:type>
            <maml:name>System.Management.Automation.PSObject</maml:name>
            <maml:uri />
          </dev:type>
          <dev:defaultValue>None</dev:defaultValue>
        </command:parameter>
        <command:parameter required="false" variableLength="true" globbing="false" pipelineInput="False" position="2" aliases="none">
          <maml:name>Cache</maml:name>
          <maml:description>
            <maml:para>Cache of already identified CommmandInfo objects</maml:para>
          </maml:description>
          <command:parameterValue required="true" variableLength="false">System.Collections.Hashtable</command:parameterValue>
          <dev:type>
            <maml:name>System.Collections.Hashtable</maml:name>
            <maml:uri />
          </dev:type>
          <dev:defaultValue>[hashtable]::Synchronized(@{})</dev:defaultValue>
        </command:parameter>
        <command:parameter required="false" variableLength="true" globbing="false" pipelineInput="False" position="3" aliases="none">
          <maml:name>DebugOutputStream</maml:name>
          <maml:description>
            <maml:para>Will be sent to the Type parameter of Write-LogMsg in the PsLogMessage module</maml:para>
          </maml:description>
          <command:parameterValue required="true" variableLength="false">System.String</command:parameterValue>
          <dev:type>
            <maml:name>System.String</maml:name>
            <maml:uri />
          </dev:type>
          <dev:defaultValue>Silent</dev:defaultValue>
        </command:parameter>
        <command:parameter required="false" variableLength="true" globbing="false" pipelineInput="False" position="4" aliases="none">
          <maml:name>TodaysHostname</maml:name>
          <maml:description>
            <maml:para>{{ Fill TodaysHostname Description }}</maml:para>
          </maml:description>
          <command:parameterValue required="true" variableLength="false">System.String</command:parameterValue>
          <dev:type>
            <maml:name>System.String</maml:name>
            <maml:uri />
          </dev:type>
          <dev:defaultValue>(HOSTNAME.EXE)</dev:defaultValue>
        </command:parameter>
      </command:syntaxItem>
    </command:syntax>
    <command:parameters>
      <command:parameter required="false" variableLength="true" globbing="false" pipelineInput="False" position="2" aliases="none">
        <maml:name>Cache</maml:name>
        <maml:description>
          <maml:para>Cache of already identified CommmandInfo objects</maml:para>
        </maml:description>
        <command:parameterValue required="true" variableLength="false">System.Collections.Hashtable</command:parameterValue>
        <dev:type>
          <maml:name>System.Collections.Hashtable</maml:name>
          <maml:uri />
        </dev:type>
        <dev:defaultValue>[hashtable]::Synchronized(@{})</dev:defaultValue>
      </command:parameter>
      <command:parameter required="false" variableLength="true" globbing="false" pipelineInput="False" position="3" aliases="none">
        <maml:name>DebugOutputStream</maml:name>
        <maml:description>
          <maml:para>Will be sent to the Type parameter of Write-LogMsg in the PsLogMessage module</maml:para>
        </maml:description>
        <command:parameterValue required="true" variableLength="false">System.String</command:parameterValue>
        <dev:type>
          <maml:name>System.String</maml:name>
          <maml:uri />
        </dev:type>
        <dev:defaultValue>Silent</dev:defaultValue>
      </command:parameter>
      <command:parameter required="false" variableLength="true" globbing="false" pipelineInput="False" position="1" aliases="none">
        <maml:name>PsCommandInfo</maml:name>
        <maml:description>
          <maml:para>CommandInfo object for the command whose nested command names to return</maml:para>
        </maml:description>
        <command:parameterValue required="true" variableLength="false">System.Management.Automation.PSObject</command:parameterValue>
        <dev:type>
          <maml:name>System.Management.Automation.PSObject</maml:name>
          <maml:uri />
        </dev:type>
        <dev:defaultValue>None</dev:defaultValue>
      </command:parameter>
      <command:parameter required="false" variableLength="true" globbing="false" pipelineInput="False" position="4" aliases="none">
        <maml:name>TodaysHostname</maml:name>
        <maml:description>
          <maml:para>{{ Fill TodaysHostname Description }}</maml:para>
        </maml:description>
        <command:parameterValue required="true" variableLength="false">System.String</command:parameterValue>
        <dev:type>
          <maml:name>System.String</maml:name>
          <maml:uri />
        </dev:type>
        <dev:defaultValue>(HOSTNAME.EXE)</dev:defaultValue>
      </command:parameter>
    </command:parameters>
    <command:inputTypes />
    <command:returnValues />
    <maml:alertSet>
      <maml:alert>
        <maml:para></maml:para>
      </maml:alert>
    </maml:alertSet>
    <command:examples>
      <command:example>
        <maml:title>-------------------------- Example 1 --------------------------</maml:title>
        <dev:code>PS C:\&gt; {{ Add example code here }}</dev:code>
        <dev:remarks>
          <maml:para>{{ Add example description here }}</maml:para>
        </dev:remarks>
      </command:example>
    </command:examples>
    <command:relatedLinks />
  </command:command>
  <command:command xmlns:maml="http://schemas.microsoft.com/maml/2004/10" xmlns:command="http://schemas.microsoft.com/maml/dev/command/2004/10" xmlns:dev="http://schemas.microsoft.com/maml/dev/2004/10" xmlns:MSHelp="http://msdn.microsoft.com/mshelp">
    <command:details>
      <command:name>Expand-PsToken</command:name>
      <command:verb>Expand</command:verb>
      <command:noun>PsToken</command:noun>
      <maml:description>
        <maml:para>Recursively get nested tokens</maml:para>
      </maml:description>
    </command:details>
    <maml:description>
      <maml:para>Recursively emits all tokens embedded in a token of type "StringExpandable" The original token is also emitted.</maml:para>
    </maml:description>
    <command:syntax>
      <command:syntaxItem>
        <maml:name>Expand-PsToken</maml:name>
        <command:parameter required="true" variableLength="true" globbing="false" pipelineInput="False" position="1" aliases="none">
          <maml:name>InputObject</maml:name>
          <maml:description>
            <maml:para>Management.Automation.Language.StringExpandableToken or Management.Automation.Language.Token</maml:para>
          </maml:description>
          <command:parameterValue required="true" variableLength="false">System.Management.Automation.PSObject</command:parameterValue>
          <dev:type>
            <maml:name>System.Management.Automation.PSObject</maml:name>
            <maml:uri />
          </dev:type>
          <dev:defaultValue>None</dev:defaultValue>
        </command:parameter>
      </command:syntaxItem>
    </command:syntax>
    <command:parameters>
      <command:parameter required="true" variableLength="true" globbing="false" pipelineInput="False" position="1" aliases="none">
        <maml:name>InputObject</maml:name>
        <maml:description>
          <maml:para>Management.Automation.Language.StringExpandableToken or Management.Automation.Language.Token</maml:para>
        </maml:description>
        <command:parameterValue required="true" variableLength="false">System.Management.Automation.PSObject</command:parameterValue>
        <dev:type>
          <maml:name>System.Management.Automation.PSObject</maml:name>
          <maml:uri />
        </dev:type>
        <dev:defaultValue>None</dev:defaultValue>
      </command:parameter>
    </command:parameters>
    <command:inputTypes />
    <command:returnValues />
    <maml:alertSet>
      <maml:alert>
        <maml:para></maml:para>
      </maml:alert>
    </maml:alertSet>
    <command:examples>
      <command:example>
        <maml:title>-------------------------- EXAMPLE 1 --------------------------</maml:title>
        <dev:code>$Tokens = $null
$TokenizerErrors = $null
$AbstractSyntaxTree = [System.Management.Automation.Language.Parser]::ParseInput(
  [string]$Code,
  [ref]$Tokens,
  [ref]$TokenizerErrors
)
$Tokens |
Expand-PsToken</dev:code>
        <dev:remarks>
          <maml:para>Return all tokens nested inside the provided $Code</maml:para>
        </dev:remarks>
      </command:example>
    </command:examples>
    <command:relatedLinks />
  </command:command>
  <command:command xmlns:maml="http://schemas.microsoft.com/maml/2004/10" xmlns:command="http://schemas.microsoft.com/maml/dev/command/2004/10" xmlns:dev="http://schemas.microsoft.com/maml/dev/2004/10" xmlns:MSHelp="http://msdn.microsoft.com/mshelp">
    <command:details>
      <command:name>Get-PsCommandInfo</command:name>
      <command:verb>Get</command:verb>
      <command:noun>PsCommandInfo</command:noun>
      <maml:description>
        <maml:para>Get info about a PowerShell command</maml:para>
      </maml:description>
    </command:details>
    <maml:description>
      <maml:para>Used by Split-Thread, Invoke-Thread, and Add-PsCommand</maml:para>
      <maml:para>Determine whether the Command is a [System.Management.Automation.ScriptBlock] object If not, passes it to the Name parameter of Get-Command</maml:para>
    </maml:description>
    <command:syntax>
      <command:syntaxItem>
        <maml:name>Get-PsCommandInfo</maml:name>
        <command:parameter required="false" variableLength="true" globbing="false" pipelineInput="False" position="1" aliases="none">
          <maml:name>Command</maml:name>
          <maml:description>
            <maml:para>Command to retrieve info on This can be a scriptblock object, or a string that specifies an:     Alias     Function (the name of the function)     ExternalScript (the path to the .ps1 file)     All, Application, Cmdlet, Configuration, Filter, or Script</maml:para>
          </maml:description>
          <command:parameterValue required="true" variableLength="false">System.Object</command:parameterValue>
          <dev:type>
            <maml:name>System.Object</maml:name>
            <maml:uri />
          </dev:type>
          <dev:defaultValue>None</dev:defaultValue>
        </command:parameter>
        <command:parameter required="false" variableLength="true" globbing="false" pipelineInput="False" position="2" aliases="none">
          <maml:name>DebugOutputStream</maml:name>
          <maml:description>
            <maml:para>Will be sent to the Type parameter of Write-LogMsg in the PsLogMessage module</maml:para>
          </maml:description>
          <command:parameterValue required="true" variableLength="false">System.String</command:parameterValue>
          <dev:type>
            <maml:name>System.String</maml:name>
            <maml:uri />
          </dev:type>
          <dev:defaultValue>Silent</dev:defaultValue>
        </command:parameter>
        <command:parameter required="false" variableLength="true" globbing="false" pipelineInput="False" position="3" aliases="none">
          <maml:name>TodaysHostname</maml:name>
          <maml:description>
            <maml:para>{{ Fill TodaysHostname Description }}</maml:para>
          </maml:description>
          <command:parameterValue required="true" variableLength="false">System.String</command:parameterValue>
          <dev:type>
            <maml:name>System.String</maml:name>
            <maml:uri />
          </dev:type>
          <dev:defaultValue>(HOSTNAME.EXE)</dev:defaultValue>
        </command:parameter>
      </command:syntaxItem>
    </command:syntax>
    <command:parameters>
      <command:parameter required="false" variableLength="true" globbing="false" pipelineInput="False" position="1" aliases="none">
        <maml:name>Command</maml:name>
        <maml:description>
          <maml:para>Command to retrieve info on This can be a scriptblock object, or a string that specifies an:     Alias     Function (the name of the function)     ExternalScript (the path to the .ps1 file)     All, Application, Cmdlet, Configuration, Filter, or Script</maml:para>
        </maml:description>
        <command:parameterValue required="true" variableLength="false">System.Object</command:parameterValue>
        <dev:type>
          <maml:name>System.Object</maml:name>
          <maml:uri />
        </dev:type>
        <dev:defaultValue>None</dev:defaultValue>
      </command:parameter>
      <command:parameter required="false" variableLength="true" globbing="false" pipelineInput="False" position="2" aliases="none">
        <maml:name>DebugOutputStream</maml:name>
        <maml:description>
          <maml:para>Will be sent to the Type parameter of Write-LogMsg in the PsLogMessage module</maml:para>
        </maml:description>
        <command:parameterValue required="true" variableLength="false">System.String</command:parameterValue>
        <dev:type>
          <maml:name>System.String</maml:name>
          <maml:uri />
        </dev:type>
        <dev:defaultValue>Silent</dev:defaultValue>
      </command:parameter>
      <command:parameter required="false" variableLength="true" globbing="false" pipelineInput="False" position="3" aliases="none">
        <maml:name>TodaysHostname</maml:name>
        <maml:description>
          <maml:para>{{ Fill TodaysHostname Description }}</maml:para>
        </maml:description>
        <command:parameterValue required="true" variableLength="false">System.String</command:parameterValue>
        <dev:type>
          <maml:name>System.String</maml:name>
          <maml:uri />
        </dev:type>
        <dev:defaultValue>(HOSTNAME.EXE)</dev:defaultValue>
      </command:parameter>
    </command:parameters>
    <command:inputTypes />
    <command:returnValues />
    <maml:alertSet>
      <maml:alert>
        <maml:para></maml:para>
      </maml:alert>
    </maml:alertSet>
    <command:examples>
      <command:example>
        <maml:title>-------------------------- EXAMPLE 1 --------------------------</maml:title>
        <dev:code>The following demonstrates sending a Cmdlet name to the -Command parameter
    Get-PsCommandInfo -Command 'Write-Output'</dev:code>
        <dev:remarks>
          <maml:para></maml:para>
        </dev:remarks>
      </command:example>
    </command:examples>
    <command:relatedLinks />
  </command:command>
  <command:command xmlns:maml="http://schemas.microsoft.com/maml/2004/10" xmlns:command="http://schemas.microsoft.com/maml/dev/command/2004/10" xmlns:dev="http://schemas.microsoft.com/maml/dev/2004/10" xmlns:MSHelp="http://msdn.microsoft.com/mshelp">
    <command:details>
      <command:name>Open-Thread</command:name>
      <command:verb>Open</command:verb>
      <command:noun>Thread</command:noun>
      <maml:description>
        <maml:para>Prepares each thread so it is ready to execute a command and capture the output streams</maml:para>
      </maml:description>
    </command:details>
    <maml:description>
      <maml:para>Used by Split-Thread</maml:para>
      <maml:para>For each InputObject an instance will be created of [System.Management.Automation.PowerShell] Then a series of commands will be run to enable the specified output streams (all by default)</maml:para>
    </maml:description>
    <command:syntax>
      <command:syntaxItem>
        <maml:name>Open-Thread</maml:name>
        <command:parameter required="false" variableLength="true" globbing="false" pipelineInput="True (ByPropertyName, ByValue)" position="1" aliases="none">
          <maml:name>InputObject</maml:name>
          <maml:description>
            <maml:para>Objects to pass to the Command as an argument or parameter</maml:para>
          </maml:description>
          <command:parameterValue required="true" variableLength="false">System.Object</command:parameterValue>
          <dev:type>
            <maml:name>System.Object</maml:name>
            <maml:uri />
          </dev:type>
          <dev:defaultValue>None</dev:defaultValue>
        </command:parameter>
        <command:parameter required="false" variableLength="true" globbing="false" pipelineInput="False" position="10" aliases="none">
          <maml:name>TodaysHostname</maml:name>
          <maml:description>
            <maml:para>{{ Fill TodaysHostname Description }}</maml:para>
          </maml:description>
          <command:parameterValue required="true" variableLength="false">System.String</command:parameterValue>
          <dev:type>
            <maml:name>System.String</maml:name>
            <maml:uri />
          </dev:type>
          <dev:defaultValue>(HOSTNAME.EXE)</dev:defaultValue>
        </command:parameter>
        <command:parameter required="true" variableLength="true" globbing="false" pipelineInput="False" position="2" aliases="none">
          <maml:name>RunspacePool</maml:name>
          <maml:description>
            <maml:para>{{ Fill RunspacePool Description }}</maml:para>
          </maml:description>
          <command:parameterValue required="true" variableLength="false">System.Management.Automation.Runspaces.RunspacePool</command:parameterValue>
          <dev:type>
            <maml:name>System.Management.Automation.Runspaces.RunspacePool</maml:name>
            <maml:uri />
          </dev:type>
          <dev:defaultValue>None</dev:defaultValue>
        </command:parameter>
        <command:parameter required="false" variableLength="true" globbing="false" pipelineInput="False" position="3" aliases="none">
          <maml:name>ObjectStringProperty</maml:name>
          <maml:description>
            <maml:para>Name of a property (whose value is a string) that exists on each $InputObject It will be used to represent the object in text form If left null, the object's ToString() method will be used instead.</maml:para>
          </maml:description>
          <command:parameterValue required="true" variableLength="false">System.String</command:parameterValue>
          <dev:type>
            <maml:name>System.String</maml:name>
            <maml:uri />
          </dev:type>
          <dev:defaultValue>None</dev:defaultValue>
        </command:parameter>
        <command:parameter required="true" variableLength="true" globbing="false" pipelineInput="False" position="4" aliases="none">
          <maml:name>Command</maml:name>
          <maml:description>
            <maml:para>PowerShell Command or Script to run against each InputObject</maml:para>
          </maml:description>
          <command:parameterValue required="true" variableLength="false">System.Object</command:parameterValue>
          <dev:type>
            <maml:name>System.Object</maml:name>
            <maml:uri />
          </dev:type>
          <dev:defaultValue>None</dev:defaultValue>
        </command:parameter>
        <command:parameter required="false" variableLength="true" globbing="false" pipelineInput="False" position="5" aliases="none">
          <maml:name>CommandInfo</maml:name>
          <maml:description>
            <maml:para>Output from Get-PsCommandInfo</maml:para>
          </maml:description>
          <command:parameterValue required="true" variableLength="false">System.Management.Automation.PSObject[]</command:parameterValue>
          <dev:type>
            <maml:name>System.Management.Automation.PSObject[]</maml:name>
            <maml:uri />
          </dev:type>
          <dev:defaultValue>None</dev:defaultValue>
        </command:parameter>
        <command:parameter required="false" variableLength="true" globbing="false" pipelineInput="False" position="6" aliases="none">
          <maml:name>InputParameter</maml:name>
          <maml:description>
            <maml:para>Named parameter of the Command to pass InputObject to If this is not specified, InputObject will be passed to the Command as an argument</maml:para>
          </maml:description>
          <command:parameterValue required="true" variableLength="false">System.String</command:parameterValue>
          <dev:type>
            <maml:name>System.String</maml:name>
            <maml:uri />
          </dev:type>
          <dev:defaultValue>None</dev:defaultValue>
        </command:parameter>
        <command:parameter required="false" variableLength="true" globbing="false" pipelineInput="False" position="7" aliases="none">
          <maml:name>AddParam</maml:name>
          <maml:description>
            <maml:para>Parameters to add to the Command Each parameter is a name-value pair in the hashtable:     @{"ParameterName" = "Value"}     @{"ParameterName" = "Value" ; "ParameterTwo" = "Value2"}</maml:para>
          </maml:description>
          <command:parameterValue required="true" variableLength="false">System.Collections.Hashtable</command:parameterValue>
          <dev:type>
            <maml:name>System.Collections.Hashtable</maml:name>
            <maml:uri />
          </dev:type>
          <dev:defaultValue>@{}</dev:defaultValue>
        </command:parameter>
        <command:parameter required="false" variableLength="true" globbing="false" pipelineInput="False" position="8" aliases="none">
          <maml:name>AddSwitch</maml:name>
          <maml:description>
            <maml:para>Switches to add to the Command</maml:para>
          </maml:description>
          <command:parameterValue required="true" variableLength="false">System.String[]</command:parameterValue>
          <dev:type>
            <maml:name>System.String[]</maml:name>
            <maml:uri />
          </dev:type>
          <dev:defaultValue>@()</dev:defaultValue>
        </command:parameter>
        <command:parameter required="false" variableLength="true" globbing="false" pipelineInput="False" position="9" aliases="none">
          <maml:name>DebugOutputStream</maml:name>
          <maml:description>
            <maml:para>Will be sent to the Type parameter of Write-LogMsg in the PsLogMessage module</maml:para>
          </maml:description>
          <command:parameterValue required="true" variableLength="false">System.String</command:parameterValue>
          <dev:type>
            <maml:name>System.String</maml:name>
            <maml:uri />
          </dev:type>
          <dev:defaultValue>Silent</dev:defaultValue>
        </command:parameter>
      </command:syntaxItem>
    </command:syntax>
    <command:parameters>
      <command:parameter required="false" variableLength="true" globbing="false" pipelineInput="False" position="7" aliases="none">
        <maml:name>AddParam</maml:name>
        <maml:description>
          <maml:para>Parameters to add to the Command Each parameter is a name-value pair in the hashtable:     @{"ParameterName" = "Value"}     @{"ParameterName" = "Value" ; "ParameterTwo" = "Value2"}</maml:para>
        </maml:description>
        <command:parameterValue required="true" variableLength="false">System.Collections.Hashtable</command:parameterValue>
        <dev:type>
          <maml:name>System.Collections.Hashtable</maml:name>
          <maml:uri />
        </dev:type>
        <dev:defaultValue>@{}</dev:defaultValue>
      </command:parameter>
      <command:parameter required="false" variableLength="true" globbing="false" pipelineInput="False" position="8" aliases="none">
        <maml:name>AddSwitch</maml:name>
        <maml:description>
          <maml:para>Switches to add to the Command</maml:para>
        </maml:description>
        <command:parameterValue required="true" variableLength="false">System.String[]</command:parameterValue>
        <dev:type>
          <maml:name>System.String[]</maml:name>
          <maml:uri />
        </dev:type>
        <dev:defaultValue>@()</dev:defaultValue>
      </command:parameter>
      <command:parameter required="true" variableLength="true" globbing="false" pipelineInput="False" position="4" aliases="none">
        <maml:name>Command</maml:name>
        <maml:description>
          <maml:para>PowerShell Command or Script to run against each InputObject</maml:para>
        </maml:description>
        <command:parameterValue required="true" variableLength="false">System.Object</command:parameterValue>
        <dev:type>
          <maml:name>System.Object</maml:name>
          <maml:uri />
        </dev:type>
        <dev:defaultValue>None</dev:defaultValue>
      </command:parameter>
      <command:parameter required="false" variableLength="true" globbing="false" pipelineInput="False" position="5" aliases="none">
        <maml:name>CommandInfo</maml:name>
        <maml:description>
          <maml:para>Output from Get-PsCommandInfo</maml:para>
        </maml:description>
        <command:parameterValue required="true" variableLength="false">System.Management.Automation.PSObject[]</command:parameterValue>
        <dev:type>
          <maml:name>System.Management.Automation.PSObject[]</maml:name>
          <maml:uri />
        </dev:type>
        <dev:defaultValue>None</dev:defaultValue>
      </command:parameter>
      <command:parameter required="false" variableLength="true" globbing="false" pipelineInput="False" position="9" aliases="none">
        <maml:name>DebugOutputStream</maml:name>
        <maml:description>
          <maml:para>Will be sent to the Type parameter of Write-LogMsg in the PsLogMessage module</maml:para>
        </maml:description>
        <command:parameterValue required="true" variableLength="false">System.String</command:parameterValue>
        <dev:type>
          <maml:name>System.String</maml:name>
          <maml:uri />
        </dev:type>
        <dev:defaultValue>Silent</dev:defaultValue>
      </command:parameter>
      <command:parameter required="false" variableLength="true" globbing="false" pipelineInput="True (ByPropertyName, ByValue)" position="1" aliases="none">
        <maml:name>InputObject</maml:name>
        <maml:description>
          <maml:para>Objects to pass to the Command as an argument or parameter</maml:para>
        </maml:description>
        <command:parameterValue required="true" variableLength="false">System.Object</command:parameterValue>
        <dev:type>
          <maml:name>System.Object</maml:name>
          <maml:uri />
        </dev:type>
        <dev:defaultValue>None</dev:defaultValue>
      </command:parameter>
      <command:parameter required="false" variableLength="true" globbing="false" pipelineInput="False" position="6" aliases="none">
        <maml:name>InputParameter</maml:name>
        <maml:description>
          <maml:para>Named parameter of the Command to pass InputObject to If this is not specified, InputObject will be passed to the Command as an argument</maml:para>
        </maml:description>
        <command:parameterValue required="true" variableLength="false">System.String</command:parameterValue>
        <dev:type>
          <maml:name>System.String</maml:name>
          <maml:uri />
        </dev:type>
        <dev:defaultValue>None</dev:defaultValue>
      </command:parameter>
      <command:parameter required="false" variableLength="true" globbing="false" pipelineInput="False" position="3" aliases="none">
        <maml:name>ObjectStringProperty</maml:name>
        <maml:description>
          <maml:para>Name of a property (whose value is a string) that exists on each $InputObject It will be used to represent the object in text form If left null, the object's ToString() method will be used instead.</maml:para>
        </maml:description>
        <command:parameterValue required="true" variableLength="false">System.String</command:parameterValue>
        <dev:type>
          <maml:name>System.String</maml:name>
          <maml:uri />
        </dev:type>
        <dev:defaultValue>None</dev:defaultValue>
      </command:parameter>
      <command:parameter required="true" variableLength="true" globbing="false" pipelineInput="False" position="2" aliases="none">
        <maml:name>RunspacePool</maml:name>
        <maml:description>
          <maml:para>{{ Fill RunspacePool Description }}</maml:para>
        </maml:description>
        <command:parameterValue required="true" variableLength="false">System.Management.Automation.Runspaces.RunspacePool</command:parameterValue>
        <dev:type>
          <maml:name>System.Management.Automation.Runspaces.RunspacePool</maml:name>
          <maml:uri />
        </dev:type>
        <dev:defaultValue>None</dev:defaultValue>
      </command:parameter>
      <command:parameter required="false" variableLength="true" globbing="false" pipelineInput="False" position="10" aliases="none">
        <maml:name>TodaysHostname</maml:name>
        <maml:description>
          <maml:para>{{ Fill TodaysHostname Description }}</maml:para>
        </maml:description>
        <command:parameterValue required="true" variableLength="false">System.String</command:parameterValue>
        <dev:type>
          <maml:name>System.String</maml:name>
          <maml:uri />
        </dev:type>
        <dev:defaultValue>(HOSTNAME.EXE)</dev:defaultValue>
      </command:parameter>
    </command:parameters>
    <command:inputTypes />
    <command:returnValues />
    <maml:alertSet>
      <maml:alert>
        <maml:para></maml:para>
      </maml:alert>
    </maml:alertSet>
    <command:examples>
      <command:example>
        <maml:title>-------------------------- Example 1 --------------------------</maml:title>
        <dev:code>PS C:\&gt; {{ Add example code here }}</dev:code>
        <dev:remarks>
          <maml:para>{{ Add example description here }}</maml:para>
        </dev:remarks>
      </command:example>
    </command:examples>
    <command:relatedLinks />
  </command:command>
  <command:command xmlns:maml="http://schemas.microsoft.com/maml/2004/10" xmlns:command="http://schemas.microsoft.com/maml/dev/command/2004/10" xmlns:dev="http://schemas.microsoft.com/maml/dev/2004/10" xmlns:MSHelp="http://msdn.microsoft.com/mshelp">
    <command:details>
      <command:name>Split-Thread</command:name>
      <command:verb>Split</command:verb>
      <command:noun>Thread</command:noun>
      <maml:description>
        <maml:para>Split a command for a collection of input objects into multiple threads for asynchronous processing</maml:para>
      </maml:description>
    </command:details>
    <maml:description>
      <maml:para>The specified command will be run for each input object in a separate powershell instance with its own runspace These runspaces are part of the same runspace pool inside the same powershell.exe process</maml:para>
    </maml:description>
    <command:syntax>
      <command:syntaxItem>
        <maml:name>Split-Thread</maml:name>
        <command:parameter required="true" variableLength="true" globbing="false" pipelineInput="False" position="1" aliases="none">
          <maml:name>Command</maml:name>
          <maml:description>
            <maml:para>PowerShell Command or Script to run against each InputObject</maml:para>
          </maml:description>
          <command:parameterValue required="true" variableLength="false">System.Object</command:parameterValue>
          <dev:type>
            <maml:name>System.Object</maml:name>
            <maml:uri />
          </dev:type>
          <dev:defaultValue>None</dev:defaultValue>
        </command:parameter>
        <command:parameter required="false" variableLength="true" globbing="false" pipelineInput="False" position="10" aliases="none">
          <maml:name>ObjectStringProperty</maml:name>
          <maml:description>
            <maml:para>Name of a property (whose value is a string) that exists on each $InputObject and can be used to represent the object in text form If left null, the object's ToString() method will be used instead.</maml:para>
          </maml:description>
          <command:parameterValue required="true" variableLength="false">System.String</command:parameterValue>
          <dev:type>
            <maml:name>System.String</maml:name>
            <maml:uri />
          </dev:type>
          <dev:defaultValue>None</dev:defaultValue>
        </command:parameter>
        <command:parameter required="false" variableLength="true" globbing="false" pipelineInput="False" position="11" aliases="none">
          <maml:name>DebugOutputStream</maml:name>
          <maml:description>
            <maml:para>Will be sent to the Type parameter of Write-LogMsg in the PsLogMessage module</maml:para>
          </maml:description>
          <command:parameterValue required="true" variableLength="false">System.String</command:parameterValue>
          <dev:type>
            <maml:name>System.String</maml:name>
            <maml:uri />
          </dev:type>
          <dev:defaultValue>Silent</dev:defaultValue>
        </command:parameter>
        <command:parameter required="false" variableLength="true" globbing="false" pipelineInput="False" position="12" aliases="none">
          <maml:name>TodaysHostname</maml:name>
          <maml:description>
            <maml:para>{{ Fill TodaysHostname Description }}</maml:para>
          </maml:description>
          <command:parameterValue required="true" variableLength="false">System.String</command:parameterValue>
          <dev:type>
            <maml:name>System.String</maml:name>
            <maml:uri />
          </dev:type>
          <dev:defaultValue>(HOSTNAME.EXE)</dev:defaultValue>
        </command:parameter>
        <command:parameter required="false" variableLength="true" globbing="false" pipelineInput="True (ByPropertyName, ByValue)" position="2" aliases="none">
          <maml:name>InputObject</maml:name>
          <maml:description>
            <maml:para>Objects to pass to the Command as an argument or parameter</maml:para>
          </maml:description>
          <command:parameterValue required="true" variableLength="false">System.Object</command:parameterValue>
          <dev:type>
            <maml:name>System.Object</maml:name>
            <maml:uri />
          </dev:type>
          <dev:defaultValue>None</dev:defaultValue>
        </command:parameter>
        <command:parameter required="false" variableLength="true" globbing="false" pipelineInput="False" position="3" aliases="none">
          <maml:name>InputParameter</maml:name>
          <maml:description>
            <maml:para>Named parameter of the Command to pass InputObject to If this is not specified, InputObject will be passed to the Command as an argument</maml:para>
          </maml:description>
          <command:parameterValue required="true" variableLength="false">System.Object</command:parameterValue>
          <dev:type>
            <maml:name>System.Object</maml:name>
            <maml:uri />
          </dev:type>
          <dev:defaultValue>None</dev:defaultValue>
        </command:parameter>
        <command:parameter required="false" variableLength="true" globbing="false" pipelineInput="False" position="4" aliases="none">
          <maml:name>Threads</maml:name>
          <maml:description>
            <maml:para>Maximum number of concurrent threads to allow</maml:para>
          </maml:description>
          <command:parameterValue required="true" variableLength="false">System.Int32</command:parameterValue>
          <dev:type>
            <maml:name>System.Int32</maml:name>
            <maml:uri />
          </dev:type>
          <dev:defaultValue>20</dev:defaultValue>
        </command:parameter>
        <command:parameter required="false" variableLength="true" globbing="false" pipelineInput="False" position="5" aliases="none">
          <maml:name>SleepTimer</maml:name>
          <maml:description>
            <maml:para>Milliseconds to wait between cycles of the loop that checks threads for completion</maml:para>
          </maml:description>
          <command:parameterValue required="true" variableLength="false">System.Int32</command:parameterValue>
          <dev:type>
            <maml:name>System.Int32</maml:name>
            <maml:uri />
          </dev:type>
          <dev:defaultValue>200</dev:defaultValue>
        </command:parameter>
        <command:parameter required="false" variableLength="true" globbing="false" pipelineInput="False" position="6" aliases="none">
          <maml:name>Timeout</maml:name>
          <maml:description>
            <maml:para>Seconds to wait without receiving any new results before giving up and stopping all remaining threads</maml:para>
          </maml:description>
          <command:parameterValue required="true" variableLength="false">System.Int32</command:parameterValue>
          <dev:type>
            <maml:name>System.Int32</maml:name>
            <maml:uri />
          </dev:type>
          <dev:defaultValue>120</dev:defaultValue>
        </command:parameter>
        <command:parameter required="false" variableLength="true" globbing="false" pipelineInput="False" position="7" aliases="none">
          <maml:name>AddParam</maml:name>
          <maml:description>
            <maml:para>Parameters to add to the Command Each parameter is a name-value pair in the hashtable:     @{"ParameterName" = "Value"}     @{"ParameterName" = "Value" ; "ParameterTwo" = "Value2"}</maml:para>
          </maml:description>
          <command:parameterValue required="true" variableLength="false">System.Collections.Hashtable</command:parameterValue>
          <dev:type>
            <maml:name>System.Collections.Hashtable</maml:name>
            <maml:uri />
          </dev:type>
          <dev:defaultValue>@{}</dev:defaultValue>
        </command:parameter>
        <command:parameter required="false" variableLength="true" globbing="false" pipelineInput="False" position="8" aliases="none">
          <maml:name>AddSwitch</maml:name>
          <maml:description>
            <maml:para>Switches to add to the Command</maml:para>
          </maml:description>
          <command:parameterValue required="true" variableLength="false">System.String[]</command:parameterValue>
          <dev:type>
            <maml:name>System.String[]</maml:name>
            <maml:uri />
          </dev:type>
          <dev:defaultValue>@()</dev:defaultValue>
        </command:parameter>
        <command:parameter required="false" variableLength="true" globbing="false" pipelineInput="False" position="9" aliases="none">
          <maml:name>AddModule</maml:name>
          <maml:description>
            <maml:para>Names of modules to import in each runspace</maml:para>
          </maml:description>
          <command:parameterValue required="true" variableLength="false">System.String[]</command:parameterValue>
          <dev:type>
            <maml:name>System.String[]</maml:name>
            <maml:uri />
          </dev:type>
          <dev:defaultValue>None</dev:defaultValue>
        </command:parameter>
      </command:syntaxItem>
    </command:syntax>
    <command:parameters>
      <command:parameter required="false" variableLength="true" globbing="false" pipelineInput="False" position="9" aliases="none">
        <maml:name>AddModule</maml:name>
        <maml:description>
          <maml:para>Names of modules to import in each runspace</maml:para>
        </maml:description>
        <command:parameterValue required="true" variableLength="false">System.String[]</command:parameterValue>
        <dev:type>
          <maml:name>System.String[]</maml:name>
          <maml:uri />
        </dev:type>
        <dev:defaultValue>None</dev:defaultValue>
      </command:parameter>
      <command:parameter required="false" variableLength="true" globbing="false" pipelineInput="False" position="7" aliases="none">
        <maml:name>AddParam</maml:name>
        <maml:description>
          <maml:para>Parameters to add to the Command Each parameter is a name-value pair in the hashtable:     @{"ParameterName" = "Value"}     @{"ParameterName" = "Value" ; "ParameterTwo" = "Value2"}</maml:para>
        </maml:description>
        <command:parameterValue required="true" variableLength="false">System.Collections.Hashtable</command:parameterValue>
        <dev:type>
          <maml:name>System.Collections.Hashtable</maml:name>
          <maml:uri />
        </dev:type>
        <dev:defaultValue>@{}</dev:defaultValue>
      </command:parameter>
      <command:parameter required="false" variableLength="true" globbing="false" pipelineInput="False" position="8" aliases="none">
        <maml:name>AddSwitch</maml:name>
        <maml:description>
          <maml:para>Switches to add to the Command</maml:para>
        </maml:description>
        <command:parameterValue required="true" variableLength="false">System.String[]</command:parameterValue>
        <dev:type>
          <maml:name>System.String[]</maml:name>
          <maml:uri />
        </dev:type>
        <dev:defaultValue>@()</dev:defaultValue>
      </command:parameter>
      <command:parameter required="true" variableLength="true" globbing="false" pipelineInput="False" position="1" aliases="none">
        <maml:name>Command</maml:name>
        <maml:description>
          <maml:para>PowerShell Command or Script to run against each InputObject</maml:para>
        </maml:description>
        <command:parameterValue required="true" variableLength="false">System.Object</command:parameterValue>
        <dev:type>
          <maml:name>System.Object</maml:name>
          <maml:uri />
        </dev:type>
        <dev:defaultValue>None</dev:defaultValue>
      </command:parameter>
      <command:parameter required="false" variableLength="true" globbing="false" pipelineInput="False" position="11" aliases="none">
        <maml:name>DebugOutputStream</maml:name>
        <maml:description>
          <maml:para>Will be sent to the Type parameter of Write-LogMsg in the PsLogMessage module</maml:para>
        </maml:description>
        <command:parameterValue required="true" variableLength="false">System.String</command:parameterValue>
        <dev:type>
          <maml:name>System.String</maml:name>
          <maml:uri />
        </dev:type>
        <dev:defaultValue>Silent</dev:defaultValue>
      </command:parameter>
      <command:parameter required="false" variableLength="true" globbing="false" pipelineInput="True (ByPropertyName, ByValue)" position="2" aliases="none">
        <maml:name>InputObject</maml:name>
        <maml:description>
          <maml:para>Objects to pass to the Command as an argument or parameter</maml:para>
        </maml:description>
        <command:parameterValue required="true" variableLength="false">System.Object</command:parameterValue>
        <dev:type>
          <maml:name>System.Object</maml:name>
          <maml:uri />
        </dev:type>
        <dev:defaultValue>None</dev:defaultValue>
      </command:parameter>
      <command:parameter required="false" variableLength="true" globbing="false" pipelineInput="False" position="3" aliases="none">
        <maml:name>InputParameter</maml:name>
        <maml:description>
          <maml:para>Named parameter of the Command to pass InputObject to If this is not specified, InputObject will be passed to the Command as an argument</maml:para>
        </maml:description>
        <command:parameterValue required="true" variableLength="false">System.Object</command:parameterValue>
        <dev:type>
          <maml:name>System.Object</maml:name>
          <maml:uri />
        </dev:type>
        <dev:defaultValue>None</dev:defaultValue>
      </command:parameter>
      <command:parameter required="false" variableLength="true" globbing="false" pipelineInput="False" position="10" aliases="none">
        <maml:name>ObjectStringProperty</maml:name>
        <maml:description>
          <maml:para>Name of a property (whose value is a string) that exists on each $InputObject and can be used to represent the object in text form If left null, the object's ToString() method will be used instead.</maml:para>
        </maml:description>
        <command:parameterValue required="true" variableLength="false">System.String</command:parameterValue>
        <dev:type>
          <maml:name>System.String</maml:name>
          <maml:uri />
        </dev:type>
        <dev:defaultValue>None</dev:defaultValue>
      </command:parameter>
      <command:parameter required="false" variableLength="true" globbing="false" pipelineInput="False" position="5" aliases="none">
        <maml:name>SleepTimer</maml:name>
        <maml:description>
          <maml:para>Milliseconds to wait between cycles of the loop that checks threads for completion</maml:para>
        </maml:description>
        <command:parameterValue required="true" variableLength="false">System.Int32</command:parameterValue>
        <dev:type>
          <maml:name>System.Int32</maml:name>
          <maml:uri />
        </dev:type>
        <dev:defaultValue>200</dev:defaultValue>
      </command:parameter>
      <command:parameter required="false" variableLength="true" globbing="false" pipelineInput="False" position="4" aliases="none">
        <maml:name>Threads</maml:name>
        <maml:description>
          <maml:para>Maximum number of concurrent threads to allow</maml:para>
        </maml:description>
        <command:parameterValue required="true" variableLength="false">System.Int32</command:parameterValue>
        <dev:type>
          <maml:name>System.Int32</maml:name>
          <maml:uri />
        </dev:type>
        <dev:defaultValue>20</dev:defaultValue>
      </command:parameter>
      <command:parameter required="false" variableLength="true" globbing="false" pipelineInput="False" position="6" aliases="none">
        <maml:name>Timeout</maml:name>
        <maml:description>
          <maml:para>Seconds to wait without receiving any new results before giving up and stopping all remaining threads</maml:para>
        </maml:description>
        <command:parameterValue required="true" variableLength="false">System.Int32</command:parameterValue>
        <dev:type>
          <maml:name>System.Int32</maml:name>
          <maml:uri />
        </dev:type>
        <dev:defaultValue>120</dev:defaultValue>
      </command:parameter>
      <command:parameter required="false" variableLength="true" globbing="false" pipelineInput="False" position="12" aliases="none">
        <maml:name>TodaysHostname</maml:name>
        <maml:description>
          <maml:para>{{ Fill TodaysHostname Description }}</maml:para>
        </maml:description>
        <command:parameterValue required="true" variableLength="false">System.String</command:parameterValue>
        <dev:type>
          <maml:name>System.String</maml:name>
          <maml:uri />
        </dev:type>
        <dev:defaultValue>(HOSTNAME.EXE)</dev:defaultValue>
      </command:parameter>
    </command:parameters>
    <command:inputTypes />
    <command:returnValues />
    <maml:alertSet>
      <maml:alert>
        <maml:para></maml:para>
      </maml:alert>
    </maml:alertSet>
    <command:examples>
      <command:example>
        <maml:title>-------------------------- EXAMPLE 1 --------------------------</maml:title>
        <dev:code>The following demonstrates sending a Cmdlet name to the -Command parameter
    $InputObject | Split-Thread -Command 'Write-Output'</dev:code>
        <dev:remarks>
          <maml:para></maml:para>
        </dev:remarks>
      </command:example>
      <command:example>
        <maml:title>-------------------------- EXAMPLE 2 --------------------------</maml:title>
        <dev:code>The following demonstrates sending a scriptblock to the -Command parameter
    $InputObject | Split-Thread -Command [scriptblock]::create("Write-Output `$args[0]")</dev:code>
        <dev:remarks>
          <maml:para></maml:para>
        </dev:remarks>
      </command:example>
      <command:example>
        <maml:title>-------------------------- EXAMPLE 3 --------------------------</maml:title>
        <dev:code>The following demonstrates sending a script file path to the -Command parameter
    $InputObject | Split-Thread -Command "C:\Test-Command.ps1"</dev:code>
        <dev:remarks>
          <maml:para></maml:para>
        </dev:remarks>
      </command:example>
      <command:example>
        <maml:title>-------------------------- EXAMPLE 4 --------------------------</maml:title>
        <dev:code>The following demonstrates sending a function to the -Command parameter
    $InputObject | Split-Thread -Command 'Test-Function'</dev:code>
        <dev:remarks>
          <maml:para></maml:para>
        </dev:remarks>
      </command:example>
      <command:example>
        <maml:title>-------------------------- EXAMPLE 5 --------------------------</maml:title>
        <dev:code>The following demonstrates the -AddParam parameter</dev:code>
        <dev:remarks>
          <maml:para>$InputObject | Split-Thread -Command "Get-Service" -InputParameter ComputerName -AddParam @{"Name" = "BITS"}</maml:para>
        </dev:remarks>
      </command:example>
      <command:example>
        <maml:title>-------------------------- EXAMPLE 6 --------------------------</maml:title>
        <dev:code>The following demonstrates the -AddSwitch parameter</dev:code>
        <dev:remarks>
          <maml:para>$InputObject | Split-Thread -Command "Get-Service" -AddSwitch @('RequiredServices','DependentServices')</maml:para>
        </dev:remarks>
      </command:example>
      <command:example>
        <maml:title>-------------------------- EXAMPLE 7 --------------------------</maml:title>
        <dev:code>The following demonstrates the use of a threadsafe hashtable to store results
The hastable can be accessed and updated from inside each runspace</dev:code>
        <dev:remarks>
          <maml:para>$ThreadsafeHashtable = [hashtable]::Synchronized(@{}) $InputObject | Split-Thread -Command "Fake-Function" -InputParameter ComputerName -AddParam @{"ResultHashTableParameter" = $ThreadsafeHashtable}</maml:para>
        </dev:remarks>
      </command:example>
    </command:examples>
    <command:relatedLinks />
  </command:command>
  <command:command xmlns:maml="http://schemas.microsoft.com/maml/2004/10" xmlns:command="http://schemas.microsoft.com/maml/dev/command/2004/10" xmlns:dev="http://schemas.microsoft.com/maml/dev/2004/10" xmlns:MSHelp="http://msdn.microsoft.com/mshelp">
    <command:details>
      <command:name>Wait-Thread</command:name>
      <command:verb>Wait</command:verb>
      <command:noun>Thread</command:noun>
      <maml:description>
        <maml:para>Waits for a thread to be completed so the results can be returned, or for a timeout to be reached</maml:para>
      </maml:description>
    </command:details>
    <maml:description>
      <maml:para>Used by Split-Thread</maml:para>
    </maml:description>
    <command:syntax>
      <command:syntaxItem>
        <maml:name>Wait-Thread</maml:name>
        <command:parameter required="true" variableLength="true" globbing="false" pipelineInput="True (ByValue)" position="1" aliases="none">
          <maml:name>Thread</maml:name>
          <maml:description>
            <maml:para>Threads to wait for</maml:para>
          </maml:description>
          <command:parameterValue required="true" variableLength="false">System.Management.Automation.PSObject[]</command:parameterValue>
          <dev:type>
            <maml:name>System.Management.Automation.PSObject[]</maml:name>
            <maml:uri />
          </dev:type>
          <dev:defaultValue>None</dev:defaultValue>
        </command:parameter>
        <command:parameter required="false" variableLength="true" globbing="false" pipelineInput="False" position="2" aliases="none">
          <maml:name>Threads</maml:name>
          <maml:description>
            <maml:para>Maximum number of concurrent threads that are allowed (used only for progress display)</maml:para>
          </maml:description>
          <command:parameterValue required="true" variableLength="false">System.Int32</command:parameterValue>
          <dev:type>
            <maml:name>System.Int32</maml:name>
            <maml:uri />
          </dev:type>
          <dev:defaultValue>20</dev:defaultValue>
        </command:parameter>
        <command:parameter required="false" variableLength="true" globbing="false" pipelineInput="False" position="3" aliases="none">
          <maml:name>SleepTimer</maml:name>
          <maml:description>
            <maml:para>Milliseconds to wait between cycles of the loop that checks threads for completion</maml:para>
          </maml:description>
          <command:parameterValue required="true" variableLength="false">System.Int32</command:parameterValue>
          <dev:type>
            <maml:name>System.Int32</maml:name>
            <maml:uri />
          </dev:type>
          <dev:defaultValue>200</dev:defaultValue>
        </command:parameter>
        <command:parameter required="false" variableLength="true" globbing="false" pipelineInput="False" position="4" aliases="none">
          <maml:name>Timeout</maml:name>
          <maml:description>
            <maml:para>Seconds to wait without receiving any new results before giving up and stopping all remaining threads</maml:para>
          </maml:description>
          <command:parameterValue required="true" variableLength="false">System.Int32</command:parameterValue>
          <dev:type>
            <maml:name>System.Int32</maml:name>
            <maml:uri />
          </dev:type>
          <dev:defaultValue>120</dev:defaultValue>
        </command:parameter>
        <command:parameter required="false" variableLength="true" globbing="false" pipelineInput="False" position="5" aliases="none">
          <maml:name>DebugOutputStream</maml:name>
          <maml:description>
            <maml:para>Will be sent to the Type parameter of Write-LogMsg in the PsLogMessage module</maml:para>
          </maml:description>
          <command:parameterValue required="true" variableLength="false">System.String</command:parameterValue>
          <dev:type>
            <maml:name>System.String</maml:name>
            <maml:uri />
          </dev:type>
          <dev:defaultValue>Silent</dev:defaultValue>
        </command:parameter>
        <command:parameter required="false" variableLength="true" globbing="false" pipelineInput="False" position="6" aliases="none">
          <maml:name>TodaysHostname</maml:name>
          <maml:description>
            <maml:para>{{ Fill TodaysHostname Description }}</maml:para>
          </maml:description>
          <command:parameterValue required="true" variableLength="false">System.String</command:parameterValue>
          <dev:type>
            <maml:name>System.String</maml:name>
            <maml:uri />
          </dev:type>
          <dev:defaultValue>(HOSTNAME.EXE)</dev:defaultValue>
        </command:parameter>
        <command:parameter required="false" variableLength="true" globbing="false" pipelineInput="False" position="named" aliases="none">
          <maml:name>Dispose</maml:name>
          <maml:description>
            <maml:para>Dispose of the thread when it is finished</maml:para>
          </maml:description>
          <dev:type>
            <maml:name>System.Management.Automation.SwitchParameter</maml:name>
            <maml:uri />
          </dev:type>
          <dev:defaultValue>False</dev:defaultValue>
        </command:parameter>
      </command:syntaxItem>
    </command:syntax>
    <command:parameters>
      <command:parameter required="false" variableLength="true" globbing="false" pipelineInput="False" position="5" aliases="none">
        <maml:name>DebugOutputStream</maml:name>
        <maml:description>
          <maml:para>Will be sent to the Type parameter of Write-LogMsg in the PsLogMessage module</maml:para>
        </maml:description>
        <command:parameterValue required="true" variableLength="false">System.String</command:parameterValue>
        <dev:type>
          <maml:name>System.String</maml:name>
          <maml:uri />
        </dev:type>
        <dev:defaultValue>Silent</dev:defaultValue>
      </command:parameter>
      <command:parameter required="false" variableLength="true" globbing="false" pipelineInput="False" position="named" aliases="none">
        <maml:name>Dispose</maml:name>
        <maml:description>
          <maml:para>Dispose of the thread when it is finished</maml:para>
        </maml:description>
        <command:parameterValue required="true" variableLength="false">System.Management.Automation.SwitchParameter</command:parameterValue>
        <dev:type>
          <maml:name>System.Management.Automation.SwitchParameter</maml:name>
          <maml:uri />
        </dev:type>
        <dev:defaultValue>False</dev:defaultValue>
      </command:parameter>
      <command:parameter required="false" variableLength="true" globbing="false" pipelineInput="False" position="3" aliases="none">
        <maml:name>SleepTimer</maml:name>
        <maml:description>
          <maml:para>Milliseconds to wait between cycles of the loop that checks threads for completion</maml:para>
        </maml:description>
        <command:parameterValue required="true" variableLength="false">System.Int32</command:parameterValue>
        <dev:type>
          <maml:name>System.Int32</maml:name>
          <maml:uri />
        </dev:type>
        <dev:defaultValue>200</dev:defaultValue>
      </command:parameter>
      <command:parameter required="true" variableLength="true" globbing="false" pipelineInput="True (ByValue)" position="1" aliases="none">
        <maml:name>Thread</maml:name>
        <maml:description>
          <maml:para>Threads to wait for</maml:para>
        </maml:description>
        <command:parameterValue required="true" variableLength="false">System.Management.Automation.PSObject[]</command:parameterValue>
        <dev:type>
          <maml:name>System.Management.Automation.PSObject[]</maml:name>
          <maml:uri />
        </dev:type>
        <dev:defaultValue>None</dev:defaultValue>
      </command:parameter>
      <command:parameter required="false" variableLength="true" globbing="false" pipelineInput="False" position="2" aliases="none">
        <maml:name>Threads</maml:name>
        <maml:description>
          <maml:para>Maximum number of concurrent threads that are allowed (used only for progress display)</maml:para>
        </maml:description>
        <command:parameterValue required="true" variableLength="false">System.Int32</command:parameterValue>
        <dev:type>
          <maml:name>System.Int32</maml:name>
          <maml:uri />
        </dev:type>
        <dev:defaultValue>20</dev:defaultValue>
      </command:parameter>
      <command:parameter required="false" variableLength="true" globbing="false" pipelineInput="False" position="4" aliases="none">
        <maml:name>Timeout</maml:name>
        <maml:description>
          <maml:para>Seconds to wait without receiving any new results before giving up and stopping all remaining threads</maml:para>
        </maml:description>
        <command:parameterValue required="true" variableLength="false">System.Int32</command:parameterValue>
        <dev:type>
          <maml:name>System.Int32</maml:name>
          <maml:uri />
        </dev:type>
        <dev:defaultValue>120</dev:defaultValue>
      </command:parameter>
      <command:parameter required="false" variableLength="true" globbing="false" pipelineInput="False" position="6" aliases="none">
        <maml:name>TodaysHostname</maml:name>
        <maml:description>
          <maml:para>{{ Fill TodaysHostname Description }}</maml:para>
        </maml:description>
        <command:parameterValue required="true" variableLength="false">System.String</command:parameterValue>
        <dev:type>
          <maml:name>System.String</maml:name>
          <maml:uri />
        </dev:type>
        <dev:defaultValue>(HOSTNAME.EXE)</dev:defaultValue>
      </command:parameter>
    </command:parameters>
    <command:inputTypes>
      <command:inputType>
        <dev:type>
          <maml:name>[PSCustomObject]$Thread</maml:name>
        </dev:type>
        <maml:description>
          <maml:para></maml:para>
        </maml:description>
      </command:inputType>
    </command:inputTypes>
    <command:returnValues>
      <command:returnValue>
        <dev:type>
          <maml:name>Outputs the specified output streams from the threads</maml:name>
        </dev:type>
        <maml:description>
          <maml:para></maml:para>
        </maml:description>
      </command:returnValue>
    </command:returnValues>
    <maml:alertSet>
      <maml:alert>
        <maml:para></maml:para>
      </maml:alert>
    </maml:alertSet>
    <command:examples>
      <command:example>
        <maml:title>-------------------------- Example 1 --------------------------</maml:title>
        <dev:code>PS C:\&gt; {{ Add example code here }}</dev:code>
        <dev:remarks>
          <maml:para>{{ Add example description here }}</maml:para>
        </dev:remarks>
      </command:example>
    </command:examples>
    <command:relatedLinks />
  </command:command>
</helpItems>